{
  "id": "56c64ae6-fada-4aa5-a865-a28952a1d58b",
  "generation": 2,
  "iteration": 9,
  "current_iteration": 10,
  "metrics": {
    "validity": 1.0,
    "sum_radii": 1.7158335856192821,
    "target_ratio": 0.6511702412217389,
    "combined_score": 0.6511702412217389,
    "eval_time": 2.128331184387207,
    "llm_readability": 0.07500000000000001,
    "llm_maintainability": 0.065,
    "llm_efficiency": 0.06
  },
  "language": "python",
  "timestamp": 1754261205.8842556,
  "saved_at": 1754261212.1582363
}